id,name,genre,grade,country,year,poster,time,description,orig_name,pivgrade,urllive,urlclub
72,Паразиты дорама (2019),"Драма, Комедия, Триллер",9.17,Южная Корея,2019,https://doramy.club/wp-content/uploads/2020/04/parazity.jpg,2 часа 12 мин,"Сюжет фильма «Паразиты» разворачивается вокруг безработной семьи. Они привыкли питаться чем попало, ловят интернет у соседей и ищут все возможные способы, чтобы поживиться. Однажды сыну по имени Ки У предлагают неплохую работенку и  все что нужно это позаниматься английским языком с милой девушкой из богатой семьи. Конечно же, парень соглашается, он становится кормильцем семьи и даже устраивает на работу свою сестру Ки Чжон. Однако на этом они останавливаться не собираются, благодаря хитрым интригам в богатую семью устраивается вся их родня. Зрителю будет представлена наглядная картина отношений между разными слоями общества и коварством семьи, которая ради собственной выгоды пойдет на любую пакость и даже преступление.",Gisaengchoong,0.5,https://doramalive.ru/dorama/parazity/,https://doramy.club/18068-parazity.html
73,Живой | Выжить дорама (2020),"Боевик, Драма, Триллер, Ужасы",9.31,Южная Корея,2020,https://doramy.club/wp-content/uploads/2020/07/zhivoj.jpg,1 час 37 мин,"Проснувшись однажды утром, Чжун У обнаруживает нечто странное и ужасающее. В Сеуле произошла вспышка неизвестного вируса, из-за которого люди начинают нападать друг на друга. Весь город в панике. Сотовая связь неисправна и нет доступного выхода в интернет. Чжун У и Ю Бин придётся буквально бороться за свою жизнь в изолированном жилом комплексе.",#Salaidda,3.5,https://doramalive.ru/dorama/alive/,https://doramy.club/21566-zhivoj.html
75,Настроение дня дорама (2016),"Драма, Комедия, Мелодрама",8.99,Южная Корея,2016,https://doramy.club/wp-content/uploads/2018/12/nastroenie-dnya.jpg,1 час 43 мин,"Дорама «Настроение дня» повествует о романтической судьбе двух молодых людей. Главная героиня Су Чжон – обладательница очаровательной внешности и состоявшаяся в своей профессии молодая девушка. Стабильную размеренную жизнь беспокоят только мысли о свадьбе, ведь ее молодой человек, несмотря на длительные отношения, вовсе не торопится зарегистрировать с ней брак. Неустроенность личной жизни начинает негативным образом влиять на настроение Су Чжон, и, в конечном счете, вовсе портится, когда она узнает о предстоящей свадьбе ее первой любви  Мин Сок и школьной подруги.
Собираясь в командировку в Пусан, Су Чжон одолевают смешанные чувства, с одной стороны, это обиды, с другой — зависть подругам. Мрачные мысли девушки были прерваны молодым попутчиком Чжэ Хёном, который буквально разорвал череду грустных мыслей своим жизнелюбием и энергией. Чжэ Хён действительно легко идет по жизни, не строит серьезных планов и не заглядывает в будущее. Однако интерес молодого человека к миловидной попутчице не ограничился одной лишь встречей.",Keunalui Bonwigi,1.4,https://doramalive.ru/dorama/mood_of_the_day/,https://doramy.club/9702-nastroenie-dnya.html
77,Река грусти | Река скорби дорама (2018),"Драма, Мелодрама",9.12,Китай,2018,https://doramy.club/wp-content/uploads/2020/03/reka-skorbi.jpg,1 час 45 мин,"Фильм-драма «Река грусти» знакомит нас с ученицей старшей школы И Яо. Девушка вместе с мамой живёт по соседству со своим одноклассником Ци Мином. Молодые люди с детства дружат, вот только образ жизни каждого из них сильно отличается. Если Ци Мин растёт любимым ребенком в состоятельной семье, то И Яо живёт в крайней бедности и вынуждена терпеть равнодушие и бесконечные упрёки своей матери. Казалось бы, жизнь и так жестока обошлась с девочкой, но самое страшное для неё начинается после того, как она узнает о своем венерическом заболевании. Девушка в отчаянии и замешательстве, ведь она никогда не была близка с мужчиной.
Ей ничего не остаётся, как скрывать это ото всех. Однако новенькая ученица в их классе Тан Сяоми, влюбленная в Ци Мина, сразу невзлюбила И Яо, и, узнав о её секрете, сообщает о нём всей школе. С тех самых пор жизнь героини превращается в настоящий кошмар, ведь теперь она объект для издевательств, и ежедневно подвергается жестокой травле со стороны сверстников. Девушка на грани отчаяния, но в самый тяжёлый момент за неё заступается парень из параллельного класса Гу Суньси, единственный, кто поверит в невинность И Яо. Теперь у нее есть тот, кто поддерживает её и всячески защищает. Вот только на долю героини выпадает ещё одно серьезное испытание. В силах ли она преодолеть его?",Bei shang ni liu cheng he,1.2,https://doramalive.ru/dorama/cry_me_a_sad_river/,https://doramy.club/10093-reka-grusti.html
78,Полночь дорама (2021),Триллер,09.09,Южная Корея,2021,https://doramy.club/wp-content/uploads/2021/07/polnoch.jpg,1 час 42 мин,"Сюжет полнометражного фильма «Полночь» разворачивается вокруг молодой девушки по имени Кен Ми. У неё проблемы со слухом, однако она научилась жить с этим, не испытывая сильного дискомфорта. Однажды, идя по темному переулку, девушка сталкивается с жертвой серийного убийцы по имени До Шик. После этого случая Кен Ми становится его целью. Преследователю кажется, что она будет легкой добычей, ведь героиня ничего не слышит, однако девушка не так проста, как ему сперва показалось.",Midnight,3.2,https://doramalive.ru/dorama/polnoch_2021/,https://doramy.club/26891-2-polnoch.html
79,Мисс и миссис Коп дорама (2019),"Детектив, Комедия",09.08,Южная Корея,2019,https://doramy.club/wp-content/uploads/2019/06/miss-i-missis-kop.jpg,1 час 47 мин,"Сюжет комедийного фильма «Мисс и миссис Коп» разворачивается вокруг двух случайных напарниц, которым вместе предстоит расследовать одно преступление. Ми Ён женщина с большим жизненным опытом, которая была настоящей легендой в детективном отделе, но ушла со службы после замужества. Сейчас она работает в центре обслуживания населения и помогает гражданам решать разные вопросы. Теперь ей приходиться иметь дело с молодой и пылкой Джи Хе, которая оказывается в отделе по борьбе с тяжкими преступлениями. Вместе этой парочке предстоит расследовать одно преступление, хотя их сотрудничество больше напоминает соперничество, но в борьбе с преступностью им удается преодолеть все личные разногласия.",Girl Cops,4.2,https://doramalive.ru/dorama/girl_cops/,https://doramy.club/12611-miss-i-missis-kop.html
173,Поезд в Пусан дорама (2016),"Драма, Триллер, Ужасы",9.22,Южная Корея,2016,https://doramy.club/wp-content/uploads/2017/10/poezd-v-pusan.jpg,1 час 58 мин.,"Успешный бизнесмен господин Су очень занят на работе, из-за этого у него совсем не остается времени на свою семью. Жена уехала в Пусан и хочет развестись, у его маленькой дочери Су Ан день рождение и девочка хочет повидать мать. Занятой отец все-таки находит время, чтобы выполнить просьбу своей дочери. В это время в Сеуле начинается эпидемия, которая превращает людей в кровожадных зомби и поезд в Пусан становится убежищем для ничего не подозревающих пассажиров. Однако в него попала зараженная девушка и вирус начал стремительно распространяться раскрывая скрытые качества людей в борьбе за выживание.",Train to Busan,2.4,https://doramalive.ru/dorama/poezd_v_pusan/,https://doramy.club/3488-poezd-v-pusan.html
174,Парень внутри меня дорама (2019),"Драма, Комедия, Фантастика",9.19,Южная Корея,2019,https://doramy.club/wp-content/uploads/2019/02/paren-vnutri-menya.jpg,2 часа 2 мин,"Сюжет фильма «Парень внутри меня» рассказывает удивительную историю которая приключилась с успешным мужчиной. Пан Су бизнесмен, который умеет добиваться поставленных целей любыми средствами. Он по-настоящему опасный человек и на пути у такого лучше не стоять. Однажды он заходит в дешевую забегаловку, а спустя несколько минут после ухода на него с крыши сваливается старшеклассник Дон Хён. Оба попадают в больницу, вот только Пан Су приходит в себе и оказывается в теле парня, который на него свалился. Вся эта ситуация ему слишком не нравится, ведь нужно вести важные дела, но делать это в теле неуверенного в себе подростка будет крайне сложно. Как бы там ни было характер, и внутренний стержень помогут главному герою во всем разобраться привычным для него способом.",Naeaneui geunom,4.2,https://doramalive.ru/dorama/the_man_inside_me/,https://doramy.club/10682-paren-vnutri-menya.html
176,Мой старший брат слишком сильно любит меня дорама (2017),"Комедия, Мелодрама",8.96,Япония,2017,https://doramy.club/wp-content/uploads/2018/02/moj-starshij.jpg,1 час 39 мин.,"Главная героиня комедийной дорамы «Мой старший брат слишком сильно любит меня» ученица старших классов Тачибана Сэтока страдает от того, что все парни которым она предлагала встречаться отказывали ей, хотя до этого проявляли интерес. Какого было ее удивление, кода бедняжка узнала, что ее сводный брат приложил к этому свою руку. Но настал день, кода в школе появился парень, который вовсе не боится ее брата и готов побороться за понравившеюся девушку. Однако и братишка отступать не намерен и похоже, что дело тут совсем не в родственной заботе.",My Brother Loves Me Too Much,1.2,https://doramalive.ru/dorama/my_brother_loves_me_too_much/,https://doramy.club/4750-moj-starshij-brat-lyubit-menya.html
177,Ведьма дорама (2018),"Триллер, Фантастика",09.06,Южная Корея,2018,https://doramy.club/wp-content/uploads/2018/09/vedma.jpg,2 часа 05 мин.,"Главная героиня фильма «Ведьма» в детстве подверглась чудовищным экспериментам, ей чудом удалось спастись во время уничтожения объектов исследования. Так полумертвую ее нашла пожилая пара, девочка потеряла память и супруги решили удочерить ребенка. Шли годы и героиня росла обычным подростком, до тех пор пока не начали происходить странные вещи и организация безжалостных убийц не нашла сбежавший объект своих прошлых экспериментов. Однако девушка уже не ребенок, что же будет, когда память прошлых ужасов и дремавшая все это время в ней сила вернутся?",The Witch: Part 1. The Subversion,3.2,https://doramalive.ru/dorama/vedma/,https://doramy.club/8158-2-vedma.html
178,Хён / Брат дорама (2016),"Драма, Комедия",9.32,Южная Корея,2016,https://doramy.club/wp-content/uploads/2018/08/xyon.jpg,1 час 50 мин,"События фильма разворачиваются вокруг двух братьев, которые выбрали разные жизненные пути. Ду Ён добился большого успеха в спорте и даже стал мастером дзюдо. Его родной брат Ду Шик отбывает тюремный срок, но после случившейся трагедии с Ду Ёном выходит на свободу. Во время очередной тренировки он получил тяжелую травму и лишился зрения. Ду Ён нуждается в помощи и Ду Шик получает досрочное освобождение, чтобы присмотреть за братом. Вот только братья не особо хорошо ладят и долгое время даже не общались, а Ду Шик всего лишь использовал  возможность присматривать за братом, чтобы выйти из тюрьмы. Теперь им предстоит жить вместе и налаживать отношения.",Hyung,5.4,https://doramalive.ru/dorama/my_annoying_brother/,https://doramy.club/7389-xyon.html
179,Подставной город | Искаженный город дорама (2017),"Боевик, Криминал",9.32,Южная Корея,2017,https://doramy.club/wp-content/uploads/2017/04/podstavnoj-gorod.jpg,2 часа 6 мин,"События фильма «Подставной город» разворачиваются вокруг заядлого геймера Квон-ю. Он вместе с друзьями в сети проводит большую часть жизни за компьютерными играми. В виртуальном мире ему просто нет равный, но в реальности, Квон-ю типичный неудачник, которому судьба преподносит серьезное испытание. Однажды наш герой находит телефон, который вскоре возвращает за вознаграждение. На следующий день его обвиняют в убийстве женщины, которой он вернул мобильник. Компьютерный игрок решает собрать свою команду непобедимых виртуальных бойцов, чтобы восстановить справедливость в реальном мире.",Jojakdwen doshi,1.2,https://doramalive.ru/dorama/modified_city/,https://doramy.club/14-podstavnoj-gorod.html
180,Божественная ярость дорама (2019),"Боевик, Мистика, Триллер, Ужасы",09.04,Южная Корея,2019,https://doramy.club/wp-content/uploads/2019/09/bozhestvennaya-yarost.jpg,2 часа 9 мин.,"Отец главного героя мистического фильма «Божественная ярость» Ён Хо, погиб при исполнении. С тех пор парень закрылся от окружающего мира и занялся боевыми искусствами. Шли годы, мальчик вырос в крепкого мужчину, выиграв не один чемпионат. С Ён Хо начинают происходить мистические события, и в завершении ко всему у него на руках открываются стигматы. Герой встречает отца Ана, католического священника экзорциста, который борется за души людей. Впереди их ждет опасная битва с великим злом, которое когда-то стало причиной гибели его отца.",The Divine Fury,3.2,https://doramalive.ru/dorama/bozhestvennaya_yarost/,https://doramy.club/14073-bozhestvennaya-yarost.html
181,Лёгкая улыбка покоряет мир дорама (2016),Мелодрама,9.1,Китай,2016,https://doramy.club/wp-content/uploads/2017/10/lyogkaya-ulybka-pokoryaet-mir-2.jpg,1 час 43 мин.,"Полнометражный фильм «Лёгкая улыбка покоряет мир» расскажет историю романтической любви прекрасной девушки Бей Вэй Вэй и талантливого парня Сяо Найя. Молодые люди увлекаются одной онлайн игрой и достигли в ней больших успехов, но в реальном мире они не знают друг-друга. Оказывается эта парочка учится в одном университете и Сяо Най узнал кто такая Вэй Вэй, он заинтересовался девушкой и решил постепенно сблизится с ней.",Love O2O,3.2,https://doramalive.ru/dorama/love_o2o/,https://doramy.club/3370-lyogkaya-ulybka-pokoryaet-mir-2.html
182,Быть с тобой (корейская версия) дорама (2018),"Мелодрама, Фантастика",09.05,Южная Корея,2018,https://doramy.club/wp-content/uploads/2018/07/byt-s-toboj.jpg,2 часа 12 мин,"Трогательная история одинокого отца, который потерял любимую жену по имени Су А. Теперь У Чжин воспитывает сына и очень тяжело переживает потерю близкого человека. Перед смертью Су А сказала, что вновь вернется к ним спустя год в один дождливый день. Именно в такой день У Чжин встречает девушку, которая ничего не может вспомнить и очень похожа на его жену.","Jigeum, Mannareo Gabmida",1.2,https://doramalive.ru/dorama/byt_s_toboy_34829/,https://doramy.club/6779-4-byt-s-toboj-korejskaya-versiya.html
183,Дневной звездопад дорама (2017),"Комедия, Мелодрама",9.29,Япония,2017,https://doramy.club/wp-content/uploads/2017/11/dnevnoj-zvezdopad.jpg,1 час 55 мин.,"Главная героиня дорамы «Дневной звездопад» старшеклассница Ёсано Судзуме, переезжает из сельской местности в Токио к своему дяде. Теперь ей придется заново знакомиться с людьми и обзаводиться друзьями. Однако это не самая серьезная проблема, дело в том, что Судзуме первый раз в своей жизни влюбляется, но в кого? Ее добиваются сразу двое парней — одноклассник, который в нее влюблен и учитель, которым она восхищается. Какой выбор сделает девушка?",Daytime Shooting Star,1.2,,https://doramy.club/3787-dnevnoj-zvezdopad.html
184,Никогда не говори Прощай дорама (2016),Мелодрама,09.04,Китай,2016,https://doramy.club/wp-content/uploads/2019/06/nikogda-ne-govori-proshhaj.jpg,1 час 40 мин,"Сяою и Джун Хо давно встречаются и живут вместе. На одной из дружеских встреч друзья намекают, что пора бы уже и пожениться. Но Джун Хо огорошил всех объявлением о том, что уезжает жить в Италию. И билет у него только на него одного. 
Расставание Сяою дается непросто, она продолжает ждать хоть какой-то весточки от любимого. Хотя в глубине души она понимает, что они расстались, и обратно Джун Хо не вернется. Но все равно она не может принять это, ведь до последнего дня они были очень близки и ничто не предвещало такого исхода. Почему же Джун Хо так поступил? Как начать жить заново после потери любимого человека? Сяою придется самостоятельно разобраться в ситуации и найти все ответы.",Never Said Goodbye,3.2,https://doramalive.ru/dorama/nikogda_ne_proshchaysya/,https://doramy.club/12299-nikogda-ne-govori-proshhaj.html
185,Красота внутри / Внутренняя красота дорама (2015),"Драма, Комедия, Мелодрама, Фантастика",9.19,Южная Корея,2015,https://doramy.club/wp-content/uploads/2018/08/krasota-vnutri.jpg,2 часа 7 мин,"Сюжет дорамы поведает удивительную историю одного парня по имени У Чжин. Каждый день он просыпается в новом теле незнакомого человека и контролировать этот процесс никак нельзя. Парню все время приходится проживать жизнь других людей и столь бесперспективное существование продолжалось до тех пор, пока он не повстречал милую девушку И Су. Он все время хочет находиться как можно ближе к ней, но каждый раз просыпаясь в новом теле, это оказывается весьма непростой задачей. Тем не менее настоящая любовь не знает никаких преград и У Чжин должен найти способ, чтобы быть вместе со своей любимой.",The Beauty Inside,7.4,https://doramalive.ru/dorama/vnutrennyaya_krasota_2015/,https://doramy.club/7609-krasota-vnutri.html
186,Любовь на особом уровне дорама (2014),"Драма, Мелодрама",9.2,Япония,2014,https://doramy.club/wp-content/uploads/2018/07/lyubov-na-osobom-urovne.jpg,1 час 57 мин,"Целеустремленная отличница старшей школы Куруруки Юни стремиться поступить в Калифорнийский университет. Она умеет добиваться поставленных целей, к тому же имеет отличные оценки по всем предметам за исключением английского языка. Сейчас ей нужно серьезно подтянуть знания языка, ведь в противном случаи дальнейшая учеба в штатах может накрыться медным тазом.
Молодой преподаватель Сакураи Харуку назначает нашей отличнице дополнительные уроки по английскому. Это приводит к самым неожиданным последствиям, ведь у Куруруки твердый характер и в своем отставании, она винила преподавателя. Однако оставаясь с ним наедине после уроков, у них начинается любовь на особом уровне.",Kinkyori Renai,2.7,https://doramalive.ru/dorama/close_range_love/,https://doramy.club/7314-lyubov-na-osobom-urovne.html
187,Всегда дорама (2011),"Драма, Мелодрама",9.19,Южная Корея,2011,https://doramy.club/wp-content/uploads/2018/08/vsegda.jpg,1 час 47 мин,"Сюжет фильма «Всегда» поведает трогательную историю любви, которая заставляет людей идти на риск и совершать настоящие поступки. В центре событий оказывается бывший боксер Чхоль Мин, который когда-то был чемпионом и находился на вершине славы. Сейчас он работает простым охранником, зарабатывает совсем немного, но рад тому, что имеет. Однажды он знакомится с девушкой Чжон Хва, которая потеряла родителей в автокатастрофе и лишилась зрения.
Несмотря на столь не простую судьбу Чжон Хва остается жизнерадостным и энергичным человеком. Между героями вспыхивают настоящие чувства искренней любви, которую они даже не ожидали найти. Теперь они не представляют дальнейшую жизнь друг без друга, но впереди судьба приготовила им непростые испытания. Чхоль Мин готов рискнуть жизнью ради любимой, чтобы она снова смогла увидеть этот мир.",Ohjik Geudaeman,7.4,https://doramalive.ru/dorama/always/,https://doramy.club/7665-vsegda.html
188,Мальчик-оборотень / Парень-волк дорама (2012),"Драма, Мелодрама, Фантастика",8.98,Южная Корея,2012,https://doramy.club/wp-content/uploads/2018/08/malchik-oboroten.jpg,2 часа 7 мин,"Сюжет фильма «Мальчик-оборотень» поведает трогательную историю любви между диким мальчиком, который сумел без лишних слов завоевать сердце милой девушки Ким Сун И. Вместе со всей семьей она переезжает в деревню, поскольку нуждается в чистом воздухе и страдает от заболевания легких. В своем сарае Сун И обнаруживает нелюдимого парня Чуль Су, с доброй душой. Семья решает приютить сироту в своем доме, дать чистую одежду, накормить и привести в порядок.
Сун И начинает обучать манерам поведения и прочим житейским делам своего нового друга и вскоре между ними зарождаются очень глубокие и искрение чувства. Вот только впереди их ожидают непростые испытания, ведь Сун И собирается взять замуж друг семьи.",Neukdae Sonyeon,3.4,,https://doramy.club/3787-dnevnoj-zvezdopad.html
189,Влюбиться с первого поцелуя | Озорной поцелуй дорама (2019),"Комедия, Мелодрама",9,Китай,2019,https://doramy.club/wp-content/uploads/2019/03/vlyubitsya-s-pervogo-poceluya.jpg,2 часа 2 мин,"Ремейк популярного произведения «Озорной поцелуй» под новым названием «Влюбиться с первого поцелуя» расскажет историю любви милой девочки Сян Цинь и самого красивого и умного парня Чжи Шу. Целых два года девушка не решалась ему открыться в своих чувства, и все же собравшись с духом, написала любовное письмо. Однако бедняжку в жёсткой форме отвергли. Казалось бы вот и все, но судьба преподносит героям сюрприз. После того как дом Сян Цинь был разрушен стихийным бедствием, она с отцом переезжает на время к его лучшему другу чьим сыном оказывается Чжи Шу.",Fall in Love at First Kiss,3.2,https://doramalive.ru/dorama/fall_in_love_at_first_kiss/,https://doramy.club/11339-vlyubitsya-s-pervogo-poceluya.html
190,Двоечница Гяру дорама (2015),"Драма, Комедия",9.32,Япония,2015,https://doramy.club/wp-content/uploads/2019/11/dvoechnica-gyaru.jpg,1 час 57 мин,"Главная героиня фильма «Двоечница Гяру» с ранних лет хотела найти себе друзей и своё место в жизни. Так наша героиня по имени Кудо Саяка сменила 3 школы, пока не остановилась на одной, школьная форма которой ей понравилась больше всех. Найдя подружек по увлечениям, жизнь девушки была беззаботной и весёлой. Школьницу интересовали только косметика и походы в клубы, а её оценки самые низкие в классе. Но однажды после очередного вызова в школу, мать Саяки решает отправить свою дочь к талантливому репетитору, который берётся учить двоечницу с нуля. Учитель находит подход к девочке и прививает ей любовь к учёбе, обещая, что она сможет поступить в один из лучших университетов страны — Кэйо.",Biri Gyaru,2.7,https://doramalive.ru/dorama/flying_colors/,https://doramy.club/15143-dvoechnica-gyaru.html
191,Чудо в камере №7 дорама (2013),"Драма, Комедия",9.33,Южная Корея,2013,https://doramy.club/wp-content/uploads/2019/10/chudo-v-kamere-7.jpg,2 часа 7 мин,"Жизни не была справедлива к главным героям фильма «Чудо в Камере № 7». Ён Гу родился с отклонениями и на всю жизнь остался слабоумным. Он рано потерял мать, но сумел выжить в этом жестоком мире. У него даже родилась дочка, которую он воспитывает один, работая парковщиком машин. Но однажды его ложно обвиняют в убийстве и приговаривают к смертной казни.
Однокамерники помогают мужчине тайно привести к ним маленькую Е Сын. Каждый день они вынуждены присматривать за двумя непоседами, то и дело попадающих в нелепые ситуации. Жизнь в камере с опасными преступниками становится лучшим моментом в жизни Е Сын. Повзрослев, она любой ценой желает отстоять невиновность отца.",7beonbangui Seonmool,1.4,,https://doramy.club/14884-1-chudo-v-kamere-7.html
192,Волчица и черный принц дорама (2016),Мелодрама,09.01,Япония,2016,https://doramy.club/wp-content/uploads/2018/07/volchica-i-chernyj-princ.jpg,1 час 55 мин,"События романтического фильма «Волчица и черный принц» разворачиваются вокруг шестнадцатилетней девчонки Эрики. Все ее подруги только говорят об отношениях с парнями, и наша героиня чувствует себя немного не комфортно в подобных ситуациях. У нее никогда не было отношений с парнем, но все же Эрика решает соврать что встречается. Чтобы подтвердить свою историю она снимает на телефон одного красавчика из параллельного класса и выдает за своего возлюбленного. Вот только она настолько повязла во лжи, что вынуждена познакомится с этим парнем и попросить его подыграть, ведь на кону стоит ее репутация.",Ookami shoujo to kuro ouji,2.7,https://doramalive.ru/dorama/wolf_girl_and_black_prince/,https://doramy.club/7022-volchica-i-chernyj-princ.html
193,Твоя свадьба дорама (2018),"Комедия, Мелодрама",09.03,Южная Корея,2018,https://doramy.club/wp-content/uploads/2018/10/tvoya-svadba.jpg,1 час 50 мин,"События романтического фильма «Твоя свадьба» разворачиваются вокруг двух людей, которые дружили на протяжении долгих лет. Еще в школьные годы У Ён влюбился в милую девушки Сын Хи. Она была новенькой в классе, и вовсе не хотела начинать с кем-либо отношения. После знакомства с У Ёном она просит его притвориться ее парнем и именно с этого момента начинается их дружба. В школе они всегда были вместе и даже после выпускного продолжали поддерживать отношения. 
Сын Хи всегда была для нашего героя больше чем просто друг, ведь он ее любил. Однако с началом взрослой жизни они начали видеться реже и вот наступает момент, когда У Ён получает приглашение на свадьбу своей лучшей подруги.",Neoui gyeolhonsik,1.2,https://doramalive.ru/dorama/on_your_wedding_day/,https://doramy.club/8543-tvoya-svadba.html
194,Не дыша дорама (2013),"Драма, Спорт",09.05,Южная Корея,2013,https://doramy.club/wp-content/uploads/2017/10/ne-dysha.jpg,1 час 57 мин,"События спортивной драмы «Не дыша» разворачиваются вокруг двух профессиональных пловцов. Талантливый и амбициозный пловец У Сан, чью роль исполнил Ли Чон Сок всегда стремиться к победе и впереди его ожидает большая спортивная карьера. Одним из новых претендентов на первое место становиться так же Вон Иль, чью роль исполнил Со Ин Гук. Он действительно талантливый парень и показывает очень хорошие результаты. Между главными героями разворачивается настоящая борьба за первое место.",No Breathing,1.4,https://doramalive.ru/dorama/no_breathing/,https://doramy.club/3268-ne-dysha.html
195,Со Бок дорама (2021),"Боевик, Драма, Фантастика",9,Южная Корея,2021,https://doramy.club/wp-content/uploads/2021/04/so-bok.jpg,1 час 48 мин,"Сюжет дорамы «Со Бок» разворачивается вокруг бывшего агента разведки по имени Мин Ки Хон. Однажды ему поступает предложение сопроводить первого в мире клонированного человека по имени Со Бок. Мало того, что он клон, так ещё и обладает сверхспособностями и бессмертием. Его нужно доставить в секретный бункер, где он будет в безопасности. Однако все идёт не по плану, когда конвой оказывается осаждён налетчиками, которых тоже очень интересует Со Бок. Теперь Ки Хону придётся в одиночку защищать своего подопечного, который, кстати говоря, всегда был далёк от окружающего его мира. Со Боку предоставится возможность почувствовать себя человеком, но это будет дорогого стоить.",Seo Bok,1.2,https://doramalive.ru/dorama/so_bok_45186/,https://doramy.club/25494-so-bok.html
196,"Люблю тебя такой, какая ты есть дорама (2019)","Комедия, Мелодрама",8.99,"Китай, Тайвань",2019,https://doramy.club/wp-content/uploads/2019/09/lyublyu-tebya-takoj-kakaya-ty-est.jpg,1 час 32 мин,"Чжоу Линьлинь — добрая, озорная девчонка. С самого детства она помогала слабым и хорошо ладила с окружающими. Но вот с учебой у непоседливой Линьлинь явные проблемы. Строгая мама хочет, чтобы она во всем была похожа на местного отличника Фан Юйкэ. После очередной двойки, она требует, чтобы Линьлинь сидела над учебниками ровно столько, сколько их умный сосед. Делать нечего и девушка послушно учиться пока горит соседское окно.
Хитрая Линьлинь придумывает план по освобождению себя от усердной учебы. Она сводит Фан Юйкэ с самой красивой девочкой школы. И на целую неделю забывает о наказе мамы. Но что-то пошло не так, и сосед опять засиживается допоздна. Так и прошел учебный год, результатом которого стало поступление Линьлинь в лучший ВУЗ страны. Но Фан Юйкэ справился не так хорошо, как должен был и поступил на тот факультет, что и Линьлинь. Чувствуя вину, за разбитое сердце соседа, девушка решается во что бы то ни стало вернуть ему возлюбленную. Но в нее ли он влюблен?",Wo Men De Qing Quan Du Shi Ni,1.2,https://doramalive.ru/dorama/lyublyu_tebya_takoy_kakaya_ty_est_2019/,https://doramy.club/13892-lyublyu-tebya-takoj-kakaya-ty-est.html
197,Космические чистильщики дорама (2021),"Драма, Приключения, Фантастика",09.04,Южная Корея,2021,https://doramy.club/wp-content/uploads/2021/02/kosmicheskie-chistilshhiki.jpg,2 часа 18 мин,"В 2092 году наша планета будет почти непригодной для жизни, почти исчезнут леса и погибнут растения. Глобальная корпорация UTS строит на орбите убежище для людей. Однако не все смогут туда попасть. И в список тех, кто не полетит на планету будущего попал Тхэ-хо со своей командой. Они космические чистильщики мусора, ловят и продают весь мусор, который летает вокруг планеты. Но однажды команде выпадает шанс изменить свою никчемную судьбу. Они находят боевого робота массового поражения и решают его продать.",Seungriho,1.2,,https://doramy.club/24395-kosmicheskie-chistilshhiki.html
198,Соседи по комнате / Однокомнатные соседи дорама (2014),"Комедия, Мелодрама",8.89,Япония,2014,https://doramy.club/wp-content/uploads/2018/07/sosedi-po-komnate.jpg,1 час 53 мин,"Сюжет японской мелодрамы «Однокомнатные соседи» расскажет о первых чувствах страстной любви в подростковом возрасте. В центре событий оказывается школьный красавчик Кугаяма Сюсей, с которым мечтают встречаться многие девчонки. Вот только добиться нашего героя не так просто, ведь многим девушкам он дает от ворот поворот. Парень отвергает лучшую подругу своей знакомой Аой и теперь она затаила на него злобу. Однако судьба делает Кугаяма и Аой соседями по комнате, где им предстоит многое пережить и испытать самые разные чувства.",L-DK,2.7,https://doramalive.ru/dorama/ldk/,https://doramy.club/7065-sosedi-po-komnate.html
199,Музыкальный альбом дорама (2019),Мелодрама,8.98,Южная Корея,2019,https://doramy.club/wp-content/uploads/2019/11/muzykalnyj-albom.jpg,2 часа 2 мин.,"Главные герои романтического фильма «Музыкальный альбом» Ми Су и Хён У познакомились в 90-х годах. Заглянув в небольшую пекарню за покупкой герой встречает молодую девушку, хозяйку магазинчика. Услышав радио программу «музыкальный альбом Ю Ёля» он решает остаться в качестве сотрудника. Не смотря на юный возраст, за плечами парнишки тюремный срок. Постепенно герои становятся ближе. Однако из-за своего прошлого парень уходит, но через время, их пути снова и снова пересекаются. Смогут ли герои обрести наконец свою любовь или однажды расстанутся навсегда?",Music Album,3.2,,https://doramy.club/15076-muzykalnyj-albom.html
200,Соседи по комнате дорама (2019),"Комедия, Мелодрама",8.99,Япония,2019,https://doramy.club/wp-content/uploads/2019/09/sosedi-po-komnate-2019.jpg,1 час 47 мин,"Порой от ненависти до любви всего один шаг и в этом нам поможет убедиться история, которая разворачивается вокруг двух старшеклассников. Сюсэй — талантливый и очень привлекательный парень с большими перспективами. Вот только одноклассница — Аой затаила на него обиду, поскольку он бросил ее лучшую подругу. Однажды девушка в порыве ярости даже толкнула Сюсэй, но вскоре осознала, что поступила нехорошо. 
Чтобы как-то загладить свою вину она решает приготовить ему ужин, но в итоге устраивает пожар. Теперь Сюсэй негде жить и он временно переезжает к Аой. Обстоятельства начинают их все больше сближать, но они продолжают держать в тайне свои отношения. Тем не менее, у них все было прекрасно, пока не появился брат Сюсэй, который уверен, что Аой недостойная для него пара.","L-DK Hitotsu Yane no Shita, (Suki) ga Futatsu",1.2,,https://doramy.club/14465-sosedi-po-komnate-2019.html
201,Все там дорама (2020),"Драма, Триллер",09.06,Южная Корея,2020,https://doramy.club/wp-content/uploads/2020/08/vse-tam.jpg,1 час 10 мин,"Сюжет дорамы «Все там» разворачивается вокруг ученицы по имени Су Ён. У неё есть сестра-близнец Чжон Ён. Внешне девушки, естественно, очень похожи, однако характеры кардинально различаются. Над Су Ён издеваются сверстники в школе, тогда как Чжон Ён никогда не позволила бы себя обидеть. Однажды, не в силах больше терпеть издевки и насмешки одноклассников, Су Ён решила покончить с собой. Но неожиданно появляется человек, готовый помочь девушке и наказать всех её обидчиков.",Moodu Geugote Idda,1.2,,https://doramy.club/21948-vse-tam.html
202,Шаг к тебе дорама (2018),Мелодрама,09.03,Южная Корея,2018,https://doramy.club/wp-content/uploads/2020/06/shag-k-tebe.jpg,20 мин,"Глава студенческой газеты дает задание студенту Ю Сану взять интервью у талантливого выпускника хореографического отделения. Но тот соглашается на интервью при условии, что Ю Сан с ним станцует. Сможет ли этот танец раскрыть чувство, которое уже долгое время спрятано у него в сердце..?",Step for You,1.2,,https://doramy.club/20334-1-shag-k-tebe.html
203,Наедине с богами: Два мира дорама (2017),"Драма, Мистика, Фэнтези",8.9,Южная Корея,2017,https://doramy.club/wp-content/uploads/2018/02/naedine-s-bogami-dva-mira.jpg,2 часа 19 мин.,"Фильм «Наедине с богами: Два мира» поведает о том, что происходит с человеком после смерти. Главный герой Ким Чжа Хон умер спасая жизнь ребенка, его встретили три хранителя загробного мира, которые должны защищать на семи страшных судах. Так как Чжа Хон благородная душа он сможет переродиться через 49 дней, избежав наказания за все смертные грехи, что не под силу обычным людям. Если это произойдет, то его защитники так же смогут переродиться. Но все не так просто как кажется, на каждом суде его ждут обвинители, которые так же хорошо подготовились, чтобы никто не остался безнаказанным.",Along With the Gods: The Two Worlds,3.2,https://doramalive.ru/dorama/with_gods/,https://doramy.club/4775-naedine-s-bogami-dva-mira.html
204,Первый снег дорама (2007),"Драма, Мелодрама",09.02,"Южная Корея, Япония",2007,https://doramy.club/wp-content/uploads/2018/09/pervyj-sneg.jpg,1 час 44 мин.,"Романтический фильм «Первый снег» расскажет историю первой любви молодого южно-корейского парня Ким Мине и японской девушки На НА. Не смотря на языковой барьер молодые люди заинтересовались друг-другом, между ними зародилось светлое и чистое чувство сравни первому белому снегу. Смогут ли они преодолеть все трудности на пути друг к другу и сохранить свою любовь не смотря ни на что.",Hatsuyuki no koi,3.5,https://doramalive.ru/dorama/virgin_snow/,https://doramy.club/8039-pervyj-sneg.html
205,Сладкая дорама (2018),Мелодрама,8.77,Япония,2018,https://doramy.club/wp-content/uploads/2019/04/sladkaya.jpg,1 час 44 мин,"Это история о том, как любовь спасла человека находящегося на краю пропасти. Кагору Нао — милая и очень скромная девочка. В первый день старшей школы, во время драки, на неё падает самый отпетый хулиган. А после, тот же хулиган, заявляется в класс и требует встречи после занятий. Дрожа, как осиновый лист, Нао приходит в указанное место…
Тайга Онисэ — первый хулиган школы. У него серьга в ухе и красные волосы. Чаще всего он зачинщик драк, поэтому в школе его все сторонятся. Встретившись за школой с Нао, Тайга заметил, что девочка даже посмотреть на него боится и вся дрожит от страха, воспользовавшись этим, Тайга предлагает ей встречаться, а после обещает жениться. Нао незамедлительно соглашается…",Honey,1.5,https://doramalive.ru/dorama/honey/,https://doramy.club/11450-sladkaya.html
206,Чистая любовь дорама (2016),"Драма, Мелодрама",9.3,Южная Корея,2016,https://doramy.club/wp-content/uploads/2017/08/chistaya-lyubov.jpg,1 час 53 мин,"Романтическая дорама «Чистая любовь» поведает трогательную историю о первых чувствах в юности, которые запоминаются на всю жизнь. Именно первую любовь никогда нельзя забыть и даже спустя годы человек может бросить все, чтобы воссоединиться с любимым. События фильма разворачиваются в одной рыбацкой деревушке и рассказывают о воспоминаниях мужчины, чья жизнь была переполнена радостными и в тоже время очень горькими чувствами. 
Актеры исполнившее главные роли полностью передают обворожительную атмосферу и основной посыл фильма, который тронет зрителя до глубины души.",Pure Love,5.4,https://doramalive.ru/dorama/pure_love/,https://doramy.club/1852-chistaya-lyubov.html
207,Большая морская рыба дорама (2020),"Мелодрама, Фэнтези",9,Китай,2020,https://doramy.club/wp-content/uploads/2020/12/bolshaya-morskaya-ryba.jpg,1 час 50 мин,"Сюжет дорамы «Большая морская рыба» разворачивается вокруг юной девушки Али, живущей в небольшой прибрежной деревушке и мечтающей выйти замуж за своего возлюбленного. Жизнь девушки переворачивается с ног на голову, когда её выбирают невестой Бога моря, который раз в сто лет по обычаю получает себе жену. Сначала Али пытается бороться, но когда понимает, что даже любимый её не поддерживает, смиренно принимает свою судьбу. Что же ожидает юную красавицу на таинственном острове, где её уже заждался Бог моря. Остаётся только надеяться, что Али обретёт счастье, ведь сбежать от судьбы вряд ли удастся.",Hai Da Yu,1.2,https://doramalive.ru/dorama/bolshaya_morskaya_ryba/,https://doramy.club/23794-bolshaya-morskaya-ryba.html
208,Наедине с богами: Последние 49 дней дорама (2018),"Драма, Мистика, Фэнтези",09.05,Южная Корея,2018,https://doramy.club/wp-content/uploads/2018/09/poslednie-49-dnej.jpg,2 часа 23 мин.,"Фильм «Наедине с богами: Последние 49 дней» продолжит истории жнецов смерти Кан Рима, Хэвонмака и Ли Док Чона. На этот раз во время сопровождение почившей души в загробном мире, герои встретят домового Сон Джу Шина, который приоткроет завесу, скрывающую воспоминания об их прошлых жизнях.",Along With the Gods: The Last 49 Days,1.2,https://doramalive.ru/dorama/naedine_s_bogami_poslednie_49_dney/,https://doramy.club/8273-naedine-s-bogami-poslednie-49-dnej.html
209,Двадцать дорама (2015),"Драма, Комедия",09.03,Южная Корея,2015,https://doramy.club/wp-content/uploads/2018/08/dvadcat.jpg,1 час 55 мин,"Сюжет комедийного фильма «Двадцать» разворачивается вокруг троих друзей, перед которыми открывается путь во взрослую жизнь. Старшая школа уже закончи очень скоро и нужно думать о будущем и очень скоро их жизнь навсегда изменится. Кэн Чже самый обычный парень, который очень не робко чувствует себя с девушками и остается большим мечтателем. Дон У вырос в бедной семье, у него есть цель, к которой он стремиться, но для начала нужно сдать выпускные экзамены. У третьего друга Чи Хо судьба сложилась совсем по другому, он живет в полном достатке и конечно же лишен стремления работать ради успеха, поэтому предпочитает тратить свое время на вечеринки. Однако какое будущее ждет наших героев остается большой загадкой.",Seumool,2.4,https://doramalive.ru/dorama/twenty/,https://doramy.club/7396-dvadcat.html
210,Хитмэн дорама (2020),"Боевик, Комедия",9.25,Южная Корея,2020,https://doramy.club/wp-content/uploads/2020/03/xitmen.jpg,1 час 50 мин.,"Главный герой комедийного боевика «Хитмэн» Джун, в детстве остался сиротой и был завербован в Национальную службу разведки. Он стал настоящим профи, лучшим из лучших, но его детская мечта стать знаменитым автором вебтунов не давала покоя. Джун решает, что пора начать новую жизнь, он подстроил свою гибель и наконец свободен. 
Спустя 15 лет первоклассный агент так и не смог воплотить свою мечту в жизнь. Его комиксы не пользуются популярностью, живет на деньги жены и не может быть достойным примером для дочери. В порыве отчаяния герой рисует новый комикс о своей прошлой жизни, а на утро он оказывается опубликован в интернете и пользуется огромным спросом, вот только теперь его мирной жизни придет конец…",Hitman,8.2,https://doramalive.ru/dorama/hitman/,https://doramy.club/17514-xitmen.html
211,Переговоры дорама (2018),"Боевик, Криминал, Триллер",09.05,Южная Корея,2018,https://doramy.club/wp-content/uploads/2018/11/peregovory.jpg,1 час 54 мин,"Ха Чхэ Юн, главная героиня фильма «Переговоры», является не просто сотрудником полицейского агентства Сеула, она опытный профессиональный переговорщик по урегулированию кризисных ситуаций. Всегда умело оборачивая любой конфликт в свою пользу, она легко добивается желаемого. Благодаря ей преступники бывают наказаны, а невинные люди спасены. Но скоро ей предстоит столкнуться с неуязвимым Мин Тхэ Гу, преступником крупного масштаба, а точнее, контрабандистом оружия для международной преступной организации. Он похищает и берет в заложники двух корейцев в Бангкоке, и, по неизвестным причинам, желает вести переговоры только с ней. У Чхэ Юн есть только 12 часов, чтобы спасти заложников.",Hyeopsang,1.2,,https://doramy.club/8899-peregovory.html
212,Грипп | Вирус дорама (2013),Драма,9.31,Южная Корея,2013,https://doramy.club/wp-content/uploads/2020/02/gripp.jpg,2 часа,"Главный герой фильма-катастрофы «Грипп» Чжи Гу — спасатель, недавно он спас молодую женщину Ким Ин Хи, которая работает врачом и проводит важное научное исследование. Она красива, но имеет далеко не ангельский характер. Героиня просит Чжи Гу об услуге и тот все таки решает ее оказать. Тем временем в стране стремительно распространяется новый вирус гриппа, который убивает человека в течение 36 часов после заражения. Лекарства нет и власти решают установить карантин, изолировав территорию. Так, большой город стал ловушкой для тысяч людей и героям предстоит бороться за выживание, чтобы уцелеть в этом безумном хаосе.",The Flu,1.4,https://doramalive.ru/dorama/the_flu/,https://doramy.club/16643-gripp.html
213,Любовь 911 дорама (2012),"Драма, Мелодрама",09.04,Южная Корея,2012,https://doramy.club/wp-content/uploads/2018/10/lyubov-911.jpg,2 часа,"Терять близких всегда тяжело и больно. Кан Иру — опытному пожарному, главному герою дорамы «Любовь 911» нелегко было смирится с потерей жены. С тех пор он боится любить кого-то и не собирается строить новые отношения. Но не всегда бывает так, как мы задумали. Герой встречает Ми Су — врача, которая вот-вот лишится лицензии. Судьба сводит этих людей, им придется работать вместе. Кан Ир поначалу не обращает внимание на девушку, но вскоре понимает, что она ему небезразлична. Быть может только любовь способна залечить душевые раны, вернуть радость к жизни и вновь научить быть счастливым.",Banchangggyo,1.4,https://doramalive.ru/dorama/love_911/,https://doramy.club/8812-lyubov-911.html
214,Сыр в мышеловке дорама (2018),Мелодрама,8.25,Южная Корея,2018,https://doramy.club/wp-content/uploads/2018/04/syr-v-myshelovke2.jpg,1 час 58 мин.,"Полнометражная экранизация популярной одноименной веб-манхвы «Сыр в мышеловке» расскажет историю взаимоотношений стеснительной студентки Хон Соль и популярного студента Ю Чона. Не смотря на то, что парень кажется милейшим созданием для окружающих, девушка замечает его скрытую не добрую натуру. И похоже, что Ю Чон начал интересоваться Хон Соль. Как же ей избежать, расставленных парнем ловушек или она ошибается на его счет?",Cheese in the Trap Movie,1.2,https://doramalive.ru/dorama/cheese_in_the_trap_movie/,https://doramy.club/5442-syr-v-myshelovke-2.html
215,Мое лучшее лето дорама (2019),Мелодрама,9.25,Китай,2019,https://doramy.club/wp-content/uploads/2019/11/moe-luchshee-leto.jpg,1 час 50 мин,"Главная героиня фильма «Моё лучшее лето» — Гэ Гэн переводится в новую престижную школу, но её мало волнует учёба, школьнице больше нравится заниматься фотографией. И так в первый учебный день темой для обсуждения становится то, что популярный парень и лучший ученик школы — Юй Хуай хочет сидеть за одной партой с двоечницей Гэ Гэн. Девушка приходит в ярость, ведь этот высокомерный парень ей совсем не нравится, но и пересаживаться нашей героине, кажется, тоже не хочется. По итогу эти двое становятся друзьями и клянутся быть соседями по парте всё время. Ради этого обещания юная героиня подтягивает свои знания, чтобы поступить в тот же университет, что и её сосед по парте, но в один день парень просто исчезает, не сказав ни слова.",My Best Summer,1.2,https://doramalive.ru/dorama/my_best_summer/,https://doramy.club/15220-moe-luchshee-leto.html
216,Человек из ниоткуда дорама (2010),"Боевик, Драма, Криминал, Триллер",9.18,Южная Корея,2010,https://doramy.club/wp-content/uploads/2018/02/chelovek-iz-niotkuda.jpg,1 час 59 мин.,"Чха Тхэ Сик — человек из неоткуда, владеет небольшим ломбардом, расположенным в жилом доме, где и живет. Он нелюдим, но по доброму относится к соседской девочке по имени Со Ми, которая частенько заглядывает к нему от недостатка родительской заботы. Однажды мать Со Ми крадет пробный товар наркотиков, но ее находят и пытают, чему становится свидетелем ее дочь. Наркоторговцы похищают женщину вместе с ребенком и решают использовать Тхэ Сика в своих целях. Но они серьезно ошибались на его счет, ведь в прошлом мужчины есть то, что бандиты совсем не брали в расчет. Главный герой намерен вернуть Со Ми любой ценой, лишь бы не было поздно.",The Man from Nowhere,1.4,https://doramalive.ru/dorama/the_man_from_nowhere/,https://doramy.club/4879-chelovek-iz-niotkuda.html
217,Столь молоды 2: Мы все еще здесь | Бесконечная юность дорама (2016),"Драма, Мелодрама",8.69,Китай,2016,https://doramy.club/wp-content/uploads/2019/10/stol-molody-2.jpg,1 час 34 мин.,"Фильм «Столь молоды 2: Мы все еще здесь» начинается с истории молодой девушки Су Юн Джин, которая мыслями возвращается в далекий сентябрь 2007 года, когда в жизни скромной школьницы появляется сын богача Чень Чжень. Влюбившись, молодые ребята наслаждаются жизнью, но для девушки, привыкшей принимать рациональные решения и жить честно, решение отказаться от своей первой любви становится первым шагом на пути к взрослой жизни.  
Июнь 2015 года. Занимаясь поисками нужного адреса в лабиринте большого и шумного города, события минувших дней заставляют Су Юн Джин невольно задуматься: «есть ли в сердце кто-то особенный, после ухода, которого жизнь должна продолжаться…». Действительно, жизнь продолжается, а история любви Су Юн Джин и Чень Чжень развернется с новой силой, когда молодым, но повзрослевшим героям предстоит узнать другу друга с новых сторон.",So Young 2: Never Gone,1.2,https://doramalive.ru/dorama/so_young_2/,https://doramy.club/14985-stol-molody-2.html
218,Метод дорама (2017),Драма,09.05,Южная Корея,2017,https://doramy.club/wp-content/uploads/2018/07/metod.jpg,1 час 22 мин,"Сюжет фильма «Метод» рассказывает об отношениях двух разных актеров, чьи роли начинают сближать их не только в кино, но и в реальной жизни. Молодой парень Ён У добился звездной славы в карьере адойла и сейчас решил попробовать себя на роль фильме, где будут раскрываться любовные отношения между двумя мужчинами. Его партнером становится опытный актер Чжэ Ха, который считает Ён У избалованным мальчишкой. Между игрой на камеру и реальной жизнью постепенно начинает стираться тонкая грань.",Method,1.2,https://doramalive.ru/dorama/metod_2017/,https://doramy.club/7330-metod.html
219,Наше время дорама (2015),"Комедия, Мелодрама",09.06,Тайвань,2015,https://doramy.club/wp-content/uploads/2019/04/nashe-vremya.jpg,2 часа 15 мин,"Линь Чжэн Синь — старшеклассница, не очень умная и не очень красивая, но у неё доброе сердце и она отличный друг. Как то раз она получает письмо «счастья», она должна его переслать 10 людям, иначе её ждет неудача. Будучи человеком добрым и наивным, она решает отправить письмо главному хулигану школы Сю Тай Юю. Во время прочтения, его сбивает машина. Всей школе он пригрозил, что обязательно найдет анонима рассылающего письма. Чжэн Синь понимает, если Сю Тай Юй узнает, то ей здорово от него попадет. Хулиган узнает главный секрет Линь Чжэн Синь: она влюблена в первого красавчика школы Оуяна, а Тай Юю нравится его девушка — Тао Минь Минь. Ребята проворачивают ни одну аферу, чтобы разлучить парочку. В какой-то момент Чжэн Синь начинает сомневаться в своих чувствах к Оуяну…",Our Times,7.2,https://doramalive.ru/dorama/our_times/,https://doramy.club/11304-nashe-vremya.html
220,Охотники за головами дорама (2016),"Боевик, Комедия",8.77,"Китай, Южная Корея",2016,https://doramy.club/wp-content/uploads/2017/09/oxotniki-za-golovami.jpg,1 час 45 мин,"Мастер боевых искусств Лм вместе с бывшим детективом Айо работают телохранителями. У парней появляется новое задание обеспечить безопасность клиентам во время их проживания в отеле. Робота показалась несложной, но неожиданно в отеле произошел мощный взрыв и теперь в этом теракте подозревают наших героев. Они оказываются в розыске, но при этом сталкиваются с наследницей огромного состояния Кэт и двумя ее приятелями, которые так же оказались замешанные в этом деле. После разборок между собой, они решают объединиться, чтобы доказать свою непричастность к произошедшему взрыву.",Bounty Hunters,1.2,https://doramalive.ru/dorama/bounty_hunters/,https://doramy.club/2960-1-oxotniki-za-golovami.html
221,Звонок из прошлого дорама (2020),"Триллер, Фантастика",9.16,Южная Корея,2020,https://doramy.club/wp-content/uploads/2020/12/zvonok.jpg,1 час 52 мин.,"Главная героиня остросюжетного фильма «Звонок», Со Ён, возвращается в свой старый дом из-за болезни матери, которой требуется срочная операция. Внезапно в доме раздается звонок от встревоженной девушки. Решив, что та ошиблась номером Со Ён продолжает заниматься своими делами, но вскоре звонки повторяются. Со временем героиня понимает, что девушка по ту сторону находится в прошлом. У каждой из них появляется возможность изменить будущее и настоящее, вот только к чему все это приведет…",Call,1.2,https://doramalive.ru/dorama/zvonok_iz_proshlogo/,https://doramy.club/23690-1-zvonok.html
222,Сказание о Кумихо: специальный выпуск дорама (2020),Ток-шоу,09.04,Южная Корея,2020,https://doramy.club/wp-content/uploads/2020/11/skazanie-o-kumixo-spec.jpg,1 час 05 мин.,"Ведущей специального выпуска, посвященного дораме «Сказание о Кумихо» стане актриса Ким Ён Чжи, сыгравшая в ней роль русской лисы Ки Ю Ри. Вместе с еще одним актером дорамы Хван Хи они будут обсуждать самые волнительные моменты сериала, а также посетят места съемок.",Tale of the Nine Tailed: special,1.2,,https://doramy.club/23593-skazanie-o-kumixo-specialnyj-vypusk.html
223,Если бы мы были временами года дорама (2017),"Драма, Мелодрама",09.03,Южная Корея,2017,https://doramy.club/wp-content/uploads/2019/02/esli-by-my-byli-vremenami-goda.jpg,1 час 7 мин,"Дорама «Если бы мы были времена года» расскажет нам историю настоящей дружбы между парнем и девушкой, которая зародилась ещё в далёком детстве. У героев очень много общего: они рождены в один день, живут по соседству и весело проводят вместе время. Вот только никто не смеет признаться в своих чувствах к другому, ведь они зареклись всегда быть самыми лучшими друзьями. Но всё меняется после появления новенького ученика, который привык открыто говорить о своих чувствах. Чем же обернется любовный треугольник для наших героев?",Wooriga Gyejeoliramyeon,1.2,https://doramalive.ru/dorama/if_we_were_a_season/,https://doramy.club/10818-esli-by-my-byli-vremenami-goda.html
224,Тихое расставание | Ты моя радость дорама (2015),"Драма, Мелодрама",8.86,Китай,2015,https://doramy.club/wp-content/uploads/2019/01/tixoe-rasstavanie.jpg,1 час 47 мин.,"Порой мелочи жизни и недоразумения могут сыграть с нами злую шутку. Ну а если быть конкретнее, то разлучить двух влюбленных, как это происходит в фильме «Тихое расставание». Чжао Мо Шэн — самая красивая студентка в университете, была девушкой Хи Ю Чена — привлекательного и умного парня с юридического. Их пара всегда вызывала лишь восхищение и восторг. Однако банальная ссора и недопонимание сделала своё дело, и молодые расстаются. Расстроенная Шэн вскоре уезжает в Америку. Герои так и расходятся, не объяснившись друг с другом. Теперь спустя 7 лет, Шэн возвращается на родину и случайно сталкивается в магазине с тем самым Ченом. Эта встреча перевернет жизнь бывших возлюбленных. Но рискнут ли теперь герои разбудить былые чувства спустя столько лет?",He Yi Sheng Xiao Mo,1.2,https://doramalive.ru/dorama/bezmolvnoe_rasstavanie_2015/,https://doramy.club/10123-tixoe-rasstavanie-ty-moya-radost.html
225,Бурлящая молодость дорама (2014),"Комедия, Мелодрама",09.05,Южная Корея,2014,https://doramy.club/wp-content/uploads/2018/08/burlyashhaya-molodost.jpg,2 часа 01 мин.,"Южнокорейский фильм «Бурлящая молодость» повествует о молодежи 80-х годов ХХ века. Пользующийся большой популярностью у девушек Чжун Гил и храбрая Ен Сук – ученики старшей школы, где кипят нешуточные страсти. В перерывах между уроками часто случаются разборки среди школьных группировок. Молодые ребята, одержимые юношеским максимализмом, совершают самые отчаянные поступки, показывая тем самым, свой бунтарский характер и нежелание мириться с правилами.
Бурлящая молодость интересна и опасна, ведь это время, когда приоритеты и интересы зыбки и изменчивы. Однако юные сердца, преисполненные решимости, имеют право не только на ошибки, но и на счастье.",Pi Kkeulneun Chungchoon,2.4,https://doramalive.ru/dorama/burlyashchaya_molodost_67231/,https://doramy.club/7821-burlyashhaya-molodost.html
226,Райский поцелуй дорама (2011),"Комедия, Мелодрама",09.05,Япония,2011,https://doramy.club/wp-content/uploads/2018/07/rajskij-poceluj.jpg,1 час 55 мин,"Сюжет фильма «Райский поцелуй» вертится вокруг обычной старшеклассницы Юкари, которая тихо плывет по течению. У девушки нет особых стремлений к чему либо, а большая часть жизни проходит за учебниками и в мечтах о тайной любви к своему однокласснику. Столь неприметное существование нашей героини продолжалось до тех пор, пока однажды ей не предложили стать моделью и примерять одежду одной марки. Юкари себя точно не представляла в такой роли, но отказаться от столь настойчивого предложения она не смогла. В один миг ее привычная жизнь переворачивается и влечет за собой большие перемены.",Paradise Kiss,4.7,https://doramalive.ru/dorama/atele_rayskiy_potseluy_27386/,https://doramy.club/7263-rajskij-poceluj.html
227,Прекрасный вампир дорама (2018),"Мелодрама, Фантастика",7.67,Южная Корея,2018,https://doramy.club/wp-content/uploads/2019/11/prekrasnyj-vampir.jpg,1 час 13 мин,"Ран существует на земле уже пять веков, полностью приспособилась к жизни при солнечном свете и выживанию среди людей, но до сих пор не научилась копить сбережения, и вынуждена влачить жалкое существование… Однажды в пустом, вечернем переулке она случайно сталкивается с незнакомцем, чей аромат абсолютно соответствует тому, кого она потеряла много лет назад…",Beautiful Vampire,1.2,https://doramalive.ru/dorama/beautiful_vampire/,https://doramy.club/15251-prekrasnyj-vampir.html
228,Влюбиться в моего плохого парня дорама (2020),"Исторический, Комедия, Мелодрама",8.55,Китай,2020,https://doramy.club/wp-content/uploads/2020/08/vlyubitsya-v-moego-ploxogo-parnya.jpg,1 час 37 мин,"Сюжет полнометражного фильма «Влюбиться в моего плохо парня» разворачивается вокруг Линь Юэшань, которая после семейных неудач решила обучаться в «Лучшем клане мира». По приезде она сразу же «познакомилась» с Лун Шаочэнем, столкнувшись с ним у ворот. Парень отличается весьма скверным характером, поэтому решил проучить Юэшань. Он захотел, чтобы она стала его личной служанкой. Также девушка приглянулась ещё одному красавчику, который дружит с Лун Шаочэнем. Как дальше будут развиваться события, и кого выберет главная героиня, узнаем, посмотрев дораму.",Fall in Love With My Badboy,1.2,,https://doramy.club/21859-vlyubitsya-v-moego-ploxogo-parnya.html
229,200 фунтов красоты дорама (2006),"Драма, Комедия, Мелодрама, Музыка",8.84,Южная Корея,2006,https://doramy.club/wp-content/uploads/2018/07/200-funtov-krasoty.jpg,1 час 57 мин,"Сюжет комедийного фильма «200 фунтов красоты» разворачивается вокруг весьма упитанной девушки Ханны. Ее жизнь это сплошные мучения, ведь за спиной, все время обсуждают и насмехаются другие люди. Каждый день нашей героине приходиться сталкиваться со злорадством и прочими далеко не лучшими человеческими качествами. Однако у Ханны очень милый голос, и она отлично поет, но о звездной карьере ей можно не мечтать. Под ее фонограммы выступают красотки, что конечно же вызывает чувство обиды у Ханны. Из-за лишнего веса вести полноценную жизнь просто невозможно и наступает момент, когда она решает похудеть и начать музыкальную карьеру.",Minyeo-neun goerowo,1.7,,https://doramy.club/7268-200-funtov-krasoty.html
230,Ким Сон Даль дорама (2016),"Драма, Исторический, Комедия, Приключения",8.64,Южная Корея,2016,https://doramy.club/wp-content/uploads/2017/07/kim-son-dal.jpg,2 часа,"В разгар второго вторжения маньчжуров тысячи людей превратили в рабов. Некоторых из них использовали в качестве живых щитов в сражении. Чосонский чиновник уже много лет придает свою страну и народ помогая врагу в его планах. Молодой парень Ким Сон Даль был среди тех рабов, которым чудом посчастливилось выжить. 
Вместе со своими новыми друзьями он сбегает и обретает желанную свободу, обводя вокруг пальца и обворовывая богатеньких вельмож. Каждое его дело крупнее предыдущего, дошла очередь и до короля, как долго будет везти такому наглому, но искусному и проворному вору.",Seondal: The Man Who Sells the River,3.4,https://doramalive.ru/dorama/kim_son_dal/,https://doramy.club/1030-kim-son-dal.html
231,"Бандит, полицейский, дьявол дорама (2019)","Боевик, Криминал, Триллер",09.06,Южная Корея,2019,https://doramy.club/wp-content/uploads/2020/06/bandit-policejskij-dyavol.jpg,1 час 50 мин,"В городе Чхонан завелся серийный маньяк. Цепочка убийств тянется уже месяц, а улик так и не найдено. Местный детектив Чон Тхэ Сок, который первым обратил внимание на схожесть преступлений, тщетно пытается найти виновного.
И вот однажды, маньяк совершает ошибку и нападает на криминального босса Чан Дон Су. Однако тот смог за себя постоять и остался жив. Спускать с рук такую наглость Дон Су не собирается, поэтому он решает отыскать нападавшего и отомстить. И теперь маньяку придется несладко, потому что детектив Тхэ Сок и бандит Дон Су объединяют усилия. Чем же обернется такое сотрудничество? И смогут ли они поймать маньяка?",Akinjeon,1.2,https://doramalive.ru/dorama/bandit_politseyskiy_dyavol/,https://doramy.club/20283-bandit-policejskij-dyavol.html
232,Моя маленькая невеста дорама (2004),"Драма, Комедия, Мелодрама",09.06,Южная Корея,2004,https://doramy.club/wp-content/uploads/2018/12/moya-malenkaya-nevesta.jpg,1 час 55 мин,"Фильм «Моя маленькая невеста» описывает историю любви, которая изначально была спланирована двумя друзьями. Ещё в далёкой юности Боюн и Сан Мин дали друг другу обещание, что они обязательно поженят своих детей, когда те вырастут. Вот только оба заимели только мальчиков и совместную мечту никак нельзя было воплотить в жизнь. Однако это не изменило старого решения, и оно автоматически перешло на следующее поколение.",Eorin shinbu,2.7,https://doramalive.ru/dorama/my_little_bride/,https://doramy.club/9416-moya-malenkaya-nevesta.html
233,Миссия выполнима дорама (2021),"Боевик, Комедия, Мелодрама",09.05,Южная Корея,2021,https://doramy.club/wp-content/uploads/2021/04/missiya-vypolnima.jpg,1 час 45 мин,"Сюжет дорамы «Миссия выполнима» разворачивается вокруг девушки по имени Ю Да Хи. Она работает на китайское правительство в качестве агента разведки. Однажды она знакомится с мужчиной по имени У Су Хён. Раньше он тоже работал в спецслужбе, однако ушёл из-за определённых обстоятельств. Сейчас он владеет детективным агенством, но чувствует, будто ему чего-то не хватает. Героям нужно объединяются, чтобы взяться за крупное дело о контрабанде оружия. Смогут ли сработаться эти двое, а также раскроют ли они дело, узнаем, посмотрев дораму.",Miseon paseobeul,3.5,,https://doramy.club/25398-missiya-vypolnima.html
234,Монстр рядом со мной дорама (2018),Мелодрама,8.78,Япония,2018,https://doramy.club/wp-content/uploads/2019/02/monstr-ryadom-so-mnoj2.jpg,1 час 45 мин.,"Мидзутани Шизука, главная героиня фильма «Монстр рядом с тобой» всегда отличалась своей недружелюбностью. Иными словами, она никогда раньше не заботилась ни о ком. Но как-то раз ей пришлось относить лекции однокурснику Йошиде Хару. С тех самых пор парень считает их друзьями, ну а вскоре и вовсе признается Шизуке в любви. Не смотря на то, что парень весьма чудаковатый, героиня постепенно влюбляется в него, но однажды он исчезает без следа…",Tonari no Kaibutsu-kun,1.5,,https://doramy.club/10492-monstr-ryadom-so-mnoj.html
235,"Три жизни, три эпохи, десять миль персикового цвета дорама (2017)","Исторический, Мелодрама, Фэнтези",8.89,Китай,2017,https://doramy.club/wp-content/uploads/2017/09/tri-zhizni.jpg,1 час 49 мин.,"Дорама «Три жизни, три эпохи, десять миль персикового цвета» полнометражная экранизация популярного романа китайской писательницы Тан Ци Гунцзы. Наследный принц небесного царства Е Хуа, повстречал свою суженную девятихвостую лисицу Бай Цянь. В ней он признал свою потерянную жену Су Су, но богиня наотрез отказывается, не то что узнавать Е Хуа, но и выходить за него замуж. 
Однако принц не собирается отступать, ведь он знает правду о прошлом, которое забыла богиня.  Когда-то их любовь постигла трагическая участь, в результате чего Бай Цянь лишилась своих прекрасных глаз. Уверенная в том, что Е Хуа предал ее, девушка решила отказаться от своего прошлого, но при встрече чувства нахлынули вновь. Сможет ли она простить своего любимого, если воспоминания вернутся?",Once Upon a Time,1.5,https://doramalive.ru/dorama/once_upon_a_time/,https://doramy.club/996-tri-zhizni-tri-epoxi-desyat-mil-persikovogo-cveta.html
236,У бабули есть талант дорама (2015),Комедия,9.33,Южная Корея,2015,https://doramy.club/wp-content/uploads/2020/06/u-babuli-est-talant.jpg,1 час 47 мин,"Женщина в преклонном возрасте выходит из тюрьмы. Так как часть жизни она провела за решеткой, у нее развился весьма нестандартный талант. Бабуля может поставить на место любого пройдоху всего лишь словами, матерными словами. Однажды ее замечают продюсеры местного шоу ругательств «Стильная матерщина». И теперь на сцену вступает брутальный матерщинник старой закалки — «Адская бабуля»…",Helmeoni,11.4,,https://doramy.club/20620-u-babuli-est-talant.html
237,Приходи за поцелуем в полночь дорама (2019),Мелодрама,8.62,Япония,2019,https://doramy.club/wp-content/uploads/2020/08/prixodi-za-poceluem-v-polnoch.jpg,1 час 52 мин,"Сюжет дорамы «Приходи за поцелуем в полночь» разворачивается вокруг ученицы старшей школы. Хинана, на первый взгляд, кажется примером для подражания, и она действительно прилежно учиться, участвует в школьных мероприятиях и входит в совет. Однако о своей слабости к любовным романам и фильмам она предпочитает молчать. Девушка любит ходить в кино и представлять себя главной героиней, которая встречается с красавчиком. Однажды известный актёр приезжает в школу Хинаны на съёмки. Аясэ Каэдэ невероятно красив, молод и пользуется огромной популярностью среди девушек, поэтому Хинана и не рассчитывала, что он ей заинтересуется.","Gozen 0 ji, Kiss Shi ni Kite yo",1.2,https://doramalive.ru/dorama/kiss_me_at_the_stroke_of_midnight/,https://doramy.club/21863-prixodi-za-poceluem-v-polnoch.html
238,Королевский портной дорама (2014),"Драма, Исторический, Мелодрама",9.23,Южная Корея,2014,https://doramy.club/wp-content/uploads/2019/12/korolevskij-portnoj.jpg,2 часа 7 мин.,"Сюжет фильма «Королевский портной» разворачивается во времена правления династии Чосон и рассказывает о двух портных Доль Соке и Гон Чжине. Оба мужчин выходцы из простолюдинов, не смотря на это Доль Сок становится королевским портным и вскоре ждет чина дворянина. Гон Чжин же никогда не стремился за статусом, он молод и в отличие от своего старшего коллеги хочет создавать новые прекрасные одежды, отличные от устоявшихся канонов. Его талант не остался не замеченным и молодой портной приглашен во дворец, где оказывается втянут в водоворот опасных интриг.",Sanguiwon,3.4,https://doramalive.ru/dorama/the_royal_tailor/,https://doramy.club/16117-korolevskij-portnoj.html
239,"Хоть я и несовершеннолетняя, но не ребенок дорама (2017)",Мелодрама,8.83,Япония,2017,https://doramy.club/wp-content/uploads/2019/04/xot-ya-i-nesovershennoletnyaya.jpg,1 час 44 мин,"Орияма Карин, главная героиня дорамы «Хоть я и не совершеннолетняя, но не ребенок», неожиданно в подарок от своих родителей на свое 16-тилетие получает новость о том, что её хотят выдать замуж за Цуруги Нао, самого популярного красавчика из своей школы. Девушка безумно рада была такому подарку, ведь Цуруги — это её первая любовь. Однако она пока не знает, что эта женитьба — лишь соглашение между родителями жениха и невесты для того, чтобы рассчитаться с долгами. Но ситуация ещё больше усложняется после того, как Эбина Исудзу, давний друг героини, который так давно в неё влюблён, узнает об этом.",Miseinen Dakedo Kodomo Janai,1.2,,https://doramy.club/11541-xot-ya-i-nesovershennoletnyaya-no-ne-rebenok.html
240,Мистер Гордость против Мисс Предубеждение дорама (2017),"Комедия, Мелодрама",8.95,Китай,2017,https://doramy.club/wp-content/uploads/2019/06/mister-gordost.jpg,1 час 47 мин,"Чжу Хоу, парень из богатой семьи, решил устроить своей девушке сюрприз — эпичное признание в любви в торговом центре. Приготовил море цветов, карету и кучу сердечек, привязал себя к тросу и надел корону и крылья, взял лук и стрелы и… тут что-то пошло не так… сначала он принял Тан Нань Нань в похожем платье за свою девушку, потом обсыпал ее лепестками не зная что у нее аллергия на пыльцу, а дальше больше, сам пострадал от своей же стрелы, получив ее в одно мягкое место. Что называется принц нашел себе приключения на пятую точку. Позже он встречает Тан Нань Нань в больнице и по ее вине теряет кошелек, пробомжевав пару дней он напросился к Тан Нань Нань пожить. Чем это все обернется смотрите в фильме «Мистер Гордость против Мисс Предубеждение».",Mr. Pride vs. Miss Prejudice,5.2,https://doramalive.ru/dorama/mr_pride_vs_miss_prejudice/,https://doramy.club/12161-mister-gordost-protiv-miss-predubezhdenie.html
241,Притворная любовь дорама (2018),"Комедия, Мелодрама",8.67,Япония,2018,https://doramy.club/wp-content/uploads/2019/07/pritvornaya-lyubov.jpg,1 час 57 мин,"Враждующие кланы Улей и Якадзу ведут страшную кровавую войну. Единственным способом заключить мир — это сосватать детей двух боссов. Но парочка терпеть друг друга не может. Только ради спокойствия и мира своих семей Раку Итидзё и Читогэ Кирисаки соглашаются изображать влюбленных. За ними постоянно следят личные киллеры их отцов, и при любом подозрении на обман парочка может лишиться жизни. Но время идет, свидания уже не кажутся наказанием и Раку с Читогэ начинают дружить. Станет ли их история похожа на историю Ромео и Джульетты? Или их ждет более удачный финал?",Nisekoi,2.2,https://doramalive.ru/dorama/false_love/,https://doramy.club/12956-pritvornaya-lyubov.html
242,Тайная миссия дорама (2013),"Боевик, Драма, Комедия",09.05,Южная Корея,2013,https://doramy.club/wp-content/uploads/2019/01/tajnaya-missiya.jpg,2 часа 04 мин.,"Фильм «Тайная миссия» повествует о трогательной истории трех шпионов из северной части корейского полуострова Вон Рю Хван, Ри Хэ Ран и Ри Хэ Чин, которые становятся участники тайной миссии на южной части полуострова. Привыкшие к боевым заданиям и строгим приказам, в рамках новой миссии им придется вжиться в роли местного дурочка, начинающего айдола и примерного ученика, и в итоге выполнить задание. Казалось бы, для обученных солдат нет невыполнимых задач. Однако события разворачиваются совершенно не по плану и героям предстоит сделать нелегкий выбор.",Eunmilhage Widaehage,1.4,https://doramalive.ru/dorama/secretly_greatly/,https://doramy.club/10030-tajnaya-missiya.html
243,Мы влюблены? дорама (2020),"Драма, Мелодрама, Фантастика",8.41,Южная Корея,2020,https://doramy.club/wp-content/uploads/2020/06/my-vlyubleny1.jpg,1 час 45 мин,"Главная героиня дорамы «Мы влюблены?» достаточно оптимистична, учитывая её положение. Буквально все, к чему бы Со Чон не приложила руки, заканчивается неудачней. У неё больная мать, которой она не в силах помочь. Все не совсем удачно складывается с карьерой. Она с детства хотела стать шеф-поваром, однако на данный момент доросла лишь до работника на полставки в кафе. В личной жизни опять же неудача. Со Чон влюблена в свое босса. Сын Дже, в свою очередь, совсем не воспринимает работницу в качестве девушки. Он холоден и скрытен, что расстраивает нашу героиню.
Однажды в кафе приходит таинственная женщина. На её столе, после ухода, осталась книга, на которой было написано «для Со Чон». Через какое-то время девушка понимает, что эта книга волшебна. Вскоре Со Чон задаёт книге вопрос о своей личной жизни, а полученный ответ чудесным образом меняет её жизнь.",Saranghago Issseubnikka,5.2,https://doramalive.ru/dorama/are_we_in_love/,https://doramy.club/20590-my-vlyubleny.html
244,Пугающий роман дорама (2011),"Комедия, Мелодрама, Мистика",8.99,Южная Корея,2011,https://doramy.club/wp-content/uploads/2018/10/pugayushhij-roman.jpg,1 час 54 мин.,"Обычного уличного фокусника Ма Чжо Гу, главного героя дорамы «Пугающий роман», привыкшего к тому, что его шоу вызывают улыбку и смех публики, привлекает внимание необычная девушка в черном. Она единственная среди всей толпы, кто ни разу не улыбнулся за всё представление. Эта встреча с нелюдимой и замкнутой Йо Ри буквально переворачивает жизнь героя после того, как она становится частью его нового шоу с привидениями. Быть призраком на сцене не так сложно для неё, особенно, когда обладаешь даром видеть то, чего не могут увидеть другие. Но что же теперь делать фокуснику, который начинает понимать, что мир приведений это не просто иллюзия?!",Ossakhan Yeonae,7.4,https://doramalive.ru/dorama/eerie_romance/,https://doramy.club/8399-pugayushhij-roman.html
245,Невозможно не влюбиться дорама (2017),"Драма, Комедия, Мелодрама",09.05,Филиппины,2017,https://doramy.club/wp-content/uploads/2018/10/nevozmozhno-ne-vlyubitsya.jpg,2 часа,"Главной героине по имени Габ наконец-то делает предложение руки и сердца ее молодой человек Джейсон. Она с радостью соглашается стать его спутницей жизни, и казалось бы, уже ничто не может помешать предстоящим предсвадебным хлопотам и будущей совместной жизни. Но именно сейчас она узнает, что состоит в браке за неким Досом. Габ решает все исправить до своей назначенной свадьбы и поскорее развестись с ним. Однако она и представить не могла, чем все может обернуться.",Can't Help Falling In Love,1.2,,https://doramy.club/8616-nevozmozhno-ne-vlyubitsya.html
246,Свидетель дорама (2015),"Детектив, Драма, Триллер",09.04,Китай,2015,https://doramy.club/wp-content/uploads/2017/07/svidetel.jpg,1 час 50 мин,"События детективного триллера «Свидетель» разворачиваются вокруг двух случайных свидетелей, которые могут опознать серийного маньяка. Не смотря на то, что Лу Сяо Син, бывшая полицейская, ослепла в результате несчастного случая, она смогла запомнить важные для следствия детали и сама чуть было не стала жертвой убийцы. 
Парень Линь Чун оказался рядом с местом происшествия и хотел подзаработать рассказав полиции все, что ему известно. Вот только следствие не может определить точную картину случившегося, поскольку их показания отличаются. Тем временем маньяк идет по пятам Сяо Син и Линь Чуна желая избавиться от нежеланных свидетелей.",The Witness,1.2,https://doramalive.ru/dorama/the_witness_2015/,https://doramy.club/1104-1-svidetel.html
247,Внезапно снова семнадцать дорама (2016),"Драма, Комедия, Мелодрама, Фантастика",09.04,Китай,2016,https://doramy.club/wp-content/uploads/2019/01/vnezapno-snova-semnadcat.jpg,1 час 45 мин,"Люди влюбляются, встречаются, женятся. Об этом история девушки Лян Ся из фильма «Внезапно снова 17». Она уже десять лет встречается с Мао Ляном, который обещал жениться. Вот только спустя десять лет отношений, вместо штампа в паспорте он предлагает расстаться. Мечты и надежды Лян Ся мгновенно разбиваются, и девушка с горя съедает волшебную конфетку, которая стирает из её памяти десятилетие отношения с Мао Ляном. Теперь ей 17, и она счастлива и беззаботна. Вот только Мао Лян не кажется ей уже таким красавчиком, а новый знакомый ей явно приглянулся.",28 Sui Wei Cheng Nian,3.2,https://doramalive.ru/dorama/suddenly_seventeen/,https://doramy.club/10323-vnezapno-snova-semnadcat.html
248,Апельсин дорама (2015),"Драма, Мелодрама, Фантастика",8.34,Япония,2015,https://doramy.club/wp-content/uploads/2018/11/apelsin.jpg,2 часа 20 мин,"Не всегда выпадает шанс исправить что-то в прошлом в надежде на положительный исход в будущем. Но Такамия Нахо — главная героиня дорамы «Апельсин» получает такой шанс. Будучи ученицей старшей школы, к ней приходит необычное письмо из будущего от самой себя в 26-летнем возрасте. В письме она упоминает новичка в их школе Нарусэ Какеру. Парень нуждается в психологической помощи, так как тяжело переживает суицид своей матери. Однако в письме указывается, что через год он и сам умирает. Взрослая Такамия просит юную Такамию позаботиться о Нарусэ, чтобы предотвратить плохой исход в  будущем и, тем самым, изменить его.",Orange,2.7,https://doramalive.ru/dorama/orange/,https://doramy.club/9255-apelsin.html
249,"Сегодня ты сверкаешь, Кира-кун дорама (2017)","Драма, Мелодрама",8.4,Япония,2017,https://doramy.club/wp-content/uploads/2019/01/segodnya-ty-sverkaesh.jpg,1 час 49 мин.,"Вот уже целый год Нино и Кира, главные герои фильма «Сегодня ты сверкаешь, Кира-кун»,  живут по соседству, но ни разу за это время не заговорили друг с другом, словом, никогда не общались. Возможно это как-то связано с тайной которую герой никому никогда не рассказывал? И, узнав ее, Нино становится неотъемлемой частью жизни Киры, и как следствие, влюбляется в него.",Kyou no Kira-kun,1.2,https://doramalive.ru/dorama/todays_kirakun/,https://doramy.club/10127-segodnya-ty-sverkaesh-kira-kun.html
250,Дверной замок дорама (2018),Триллер,8.37,Южная Корея,2018,https://doramy.club/wp-content/uploads/2019/01/dvernoj-zamok.jpg,1 час 42 мин,"Даже хорошая и благоустроенная квартира не гарантирует безопасность своему хозяину. И главная героиня фильма «Дверной замок» Кён Мин теперь отлично это знает, ведь уже продолжительное время за ней кто-то наблюдает в замочную скважину. Но самый страшный кошмар для неё начинается, когда она понимает, что к ней вломился опасный преступник. Девушка ужасно напугана, ведь в соседней квартире убийца зверски расправился со своей жертвой.",Doeorak,1.2,https://doramalive.ru/dorama/dvernoy_zamok_31573/,https://doramy.club/10304-dvernoj-zamok.html
251,Экстремальная работа дорама (2019),"Боевик, Детектив, Комедия, Криминал",09.04,Южная Корея,2019,https://doramy.club/wp-content/uploads/2019/08/ekstremalnaya-rabota.jpg,1 час 50 мин,"В дораме «Экстремальная работа» рассказывается про детективов из отдела по борьбе с наркотиками. Командир отряда — Го, давно не получавший повышения капитан полиции, женат, но отношения между супругами с каждым годом все хуже из-за напряженной и неприбыльной работы. Под его руководством находятся детективы: Чан, Ма, Ён Хо и Джэ Хун. Они постоянно проваливают задания и попадают в нелепые ситуации. В очередной раз их обходит другой отдел и Пятерке дают последний шанс — взять с поличным крупных наркодилеров. 
Го и его команда открывают кафе напротив лагеря преступников. Но неожиданный успех их куриного магазинчика вскружил им голову. Да так что они забыли про выполнение задания. День за днем они усердно трудятся ради больших чаевых, а преступники тем временем проворачивают махинации у полиции под носом. Справятся ли детективы с заданием? Или же попрощаются с карьерой в полиции ради куриного магазинчика?",Geukhanjikeob,10.2,https://doramalive.ru/dorama/ekstremalnaya_rabota_53971/,https://doramy.club/13748-ekstremalnaya-rabota.html
252,Злодейка дорама (2017),"Боевик, Драма, Криминал",8.79,Южная Корея,2017,https://doramy.club/wp-content/uploads/2017/08/zlodejka.jpg,2 часа 03 мин.,"Злодейка Сук Хи профессиональный киллер, в своей профессии она одна из лучших. Однажды девушка устраивает целое побоище и попадает в руки тайной организации, которая решает использовать ее таланты в своих целях. Впрочем невольница не одинока в этой школе тайных убийц. Сук Хи получает новую личность и возможность жить обычной жизнью, но все не так просто, как кажется на первый взгляд.",The Villainess,1.2,https://doramalive.ru/dorama/zlodeyka/,https://doramy.club/1824-zlodejka.html
253,Мирная жизнь братьев дорама (2017),"Комедия, Мелодрама",09.05,Южная Корея,2017,https://doramy.club/wp-content/uploads/2019/09/mirnaya-zhizn-bratev.jpg,1 час 10 мин,"Мини-дорама «Мирная жизнь братьев» расскажет о всех сложностях и прелестях отношений между братьями Ли Юн и Ли Сан. Ли Юн является старшим братом, которому исполнилось 26 лет, а Ли Сан — младшим, ему только 18. Братья живут вместе, их повседневная жизнь наполнена иронией, взаимными подколами и бесчисленным количеством шуток. Ли Юн присматривает за младшим, а иногда даже спасает от обидчиков. Ли Сан же ведёт себя как и подобает младшим — всегда ждёт, что его выручит Ли Юн.",We are peaceful brothers,2.2,https://doramalive.ru/dorama/we_are_peaceful_brothers/,https://doramy.club/13718-mirnaya-zhizn-bratev.html
254,Учитель! дорама (2017),Мелодрама,8.73,Япония,2017,https://doramy.club/wp-content/uploads/2018/05/uchitel.jpg,1 час 52 мин.,"Дорама «Учитель!» расскажет историю любви ученицы Симада Хибики к своему учителю Ито Косаки. Девушка перешла во второй класс старшей школы и сразу же приметила Ито. До этого момента Симада не знала что значит влюбиться, но теперь при виде своего учителя ее сердце начинает биться сильнее. Однако такая любовь под запретом и внешне сдержанный и холодный Ито не может ответить на чувства юной красавицы. Возможно ли быть с тем кого любишь в такой ситуации?",Teacher! Is It Okay for Me to Love You?,1.2,,https://doramy.club/6014-uchitel.html
255,Сегодняшняя любовь дорама (2015),"Комедия, Мелодрама",8.74,Южная Корея,2015,https://doramy.club/wp-content/uploads/2018/07/segodnyashnyaya-lyubov.jpg,2 часа,"Главная героиня романтического фильма «Сегодняшняя любовь» милая и весьма привлекательная девушка Хён У. Она работает метеорологом, имеет весьма вспыльчивый характер, к тому же умеет прямо высказать человеку, что о нем думает. В нее тайно влюблен учитель начальной школы и просто друг Чжун Су. Этого парня так часто бросали и использовали женщины, с которыми он хотел сблизиться, что высказать свои чувства к Хён У для него настоящее испытания. Чтобы узнать дальнейшее развитие отношений между героями, смотрите фильм.",Oneului Yeonae,1.4,,https://doramy.club/7334-segodnyashnyaya-lyubov.html
256,Сегодня начнётся наша любовь дорама (2012),Мелодрама,8.84,Япония,2012,https://doramy.club/wp-content/uploads/2018/07/segodnya-nachnyotsya-nasha-lyubov.jpg,2 часа,"Сюжет романтического фильма «Сегодня начнётся наша любовь» вертится вокруг двух непримиримых и просто неразделимых учеников старшей школы. Главная героиня своеобразная девушка Цубаки Хибино, которая безразлично относится к каким либо романтическим отношениям, ведь главная страсть в ее жизни это прически. В свой первый день в старшей школе она садиться за одну парту с задирой по имени Кёта, который начинает ее дразнить. Вот только с Цубаки подобные шалости плохо заканчиваются, ведь девушка умеет дать отпор. Между этой парой начинается вражда и ненависть, которая спустя некоторое время перерастает в любовь.","Kyo, Koi wo Hajimemasu",2.7,,https://doramy.club/7293-segodnya-nachnyotsya-nasha-lyubov.html
257,"Нож, упавший в воду дорама (2016)","Драма, Мелодрама",8.7,Япония,2016,https://doramy.club/wp-content/uploads/2019/07/nozh-upavshij-v-vodu.jpg,1 час 50 мин,"Фильм «Нож, упавший в воду» снят на основе одноименной манги Джорджа Асакура. Жизнь в столице полна возможностей и перспектив. Юная модель Мотизуки Нацумэ с детства привыкла к роскошной жизни. Но в один миг все рушится. Родители главной героини решаются переехать в поселок, вдалеке от городов. Потеряв всех своих друзей, работу в модельном агентстве девочка не видит никакой радости в новой жизни. В новой школе, где все хотят подружиться с популярной звездой, Нацумэ привлекает только парень, не обращающий на нее внимание. Им оказался сын местных богачей, чья семья владеет практически всем, что есть в маленьком поселке. Сам Хасегава Коитиро наглый избалованный мальчишка прогуливает учебу и ко всем относится с пренебрежением. Однажды они встречаются на берегу священного озера, и жизнь их больше не будет прежней.",Oboreru Knife,2.7,,https://doramy.club/12819-nozh-upavshij-v-vodu.html
258,Мисс Бабуля дорама (2014),"Комедия, Мелодрама, Музыка, Фантастика",09.06,Южная Корея,2014,https://doramy.club/wp-content/uploads/2019/03/miss-babulya.jpg,2 часа 04 мин.,"Дорама «Мисс Бабуля» посвящена теме вечной молодости и скоротечности человеческой жизни. Главная героиня 74-летняя вдова О Маль Сун, проживающая с детьми и внуками. Как и полагается  пожилому человеку, О Маль Сун много ворчит, ругается, а невестка вовсе считает характер свекрови скверной. Не выдержав капризов бабушки, ее семья решает отправить О Маль Сун в дом престарелых.  
Огорчённая решением детей,  главная героиня бесцельно бродит по улицам, словно прощается со всеми. Оказавшись рядом с фотоателье, она поддается заманчивому предложению фотографа. О Маль Сун думала, что сделает свой последний снимок на память детям… но, покидая фотосалон, в отражении витрины  видит не старуху, а себя двадцатилетнюю. Волшебный переворот времени  дарит главной героине возможность заново испытать судьбу!",Soosanghan Geunyeo,3.4,https://doramalive.ru/dorama/miss_granny/,https://doramy.club/10993-miss-babulya.html
259,Каннам 1970 дорама (2015),"Боевик, Криминал",7.66,Южная Корея,2015,https://doramy.club/wp-content/uploads/2019/01/kannam-1970.jpg,2 часа 14 мин,"Фильм «Каннам 1970» стал ярчайшей экранизацией южнокорейской истории второй половины ХХ века. События разворачиваются в 1970-е годы в районе Каннам в Сеуле. Это было не простое время для корейцев, которое характеризовалось расцветом бандитских группировок, нищеты и мародерства. Фильм-боевик, снятый в стиле гангстерского нуара, также расскажет о значимости 1970 года. Именно в этот период происходит борьба группировок за сферы влияния в районе Каннам.
Главные герои, преследуя светлые мечты, вступают в ряду бандитских кланов. Предательства, бойни, убийства становятся результатом борьбы кланов. Хитрое сплетение интересов политических элит и гангстеров, в конечном итоге, оборачиваются для главных героев судьбоносным решением.",Gangnam 1970,5.4,https://doramalive.ru/dorama/gangnam_1970/,https://doramy.club/9748-kannam-1970.html
260,Специалисты / Техники дорама (2014),"Боевик, Криминал, Триллер",09.04,Южная Корея,2014,https://doramy.club/wp-content/uploads/2018/08/specialisty.jpg,1 час 57 мин,"Динамичный и остросюжетный фильм «Специалисты» захватывает внимание с первых минут просмотра. События разворачиваются вокруг многомиллионной сделки между Доктором Мин и харизматичным мастером Ли Чжи Хек. В фильме поднимаются глубокие вопросы о сути воровства: что значит быть вором и быть неуловимым? Может ли быть у вора последнее дело? И наконец, вор это всего лишь вор?
В фильме также есть романтическая линия, которая прослеживается в отношениях Мастера и Юн Хе (Чо Юн Хи). Кто она для него – защитник или вор? Смогут ли главные герои найти оправдание для своих поступков – смотрите в приключенческом фильме «Специалисты».",Gisooljadeul,1.4,,https://doramy.club/7701-specialisty.html
261,Обмани меня! дорама (2018),Мелодрама,8.43,Япония,2018,https://doramy.club/wp-content/uploads/2019/02/obmani-menya.jpg,1 час 36 мин.,"Главная героиня фильма «Обмани меня!» студентка Химуро Юкина, веб романист, ее рассказы очень популярны, но поклонникам хочется, чтобы в историях было побольше романтики. Для девушки ни разу не испытывавшей подобных чувств задача становится проблемной. Однако Юкина находит выход, решив с имитировать любовные отношения с самым популярным парнем в школе Китами Шигуре, которого она шантажирует раскрытием окружающим нелицеприятной стороны его характера.
Фильм в субтитрах разбит на 4 части.",Missions of Love (Movie),1.2,,https://doramy.club/10748-obmani-menya.html
262,Мармеладный мальчик дорама (2018),"Драма, Мелодрама",09.05,Япония,2018,https://doramy.club/wp-content/uploads/2019/02/marmeladnyj-malchik.jpg,2 часа 7 мин,"Когда твои родители разводятся — это настоящая беда для ребенка-подростка. Так и для Мики — главной героини дорамы «Мармеладный мальчик» развод родителей стал шоком. Но самое ужасное, что после развода её родители планируют вступить в новый брак с другой такой же разведенной парой. И каково же было её удивление, когда она узнала, что теперь они будут жить все вместе в одном доме. Казалось бы, хуже уже не может быть, но не тут-то было, у Мики появляется сводный брат Юу, с которым жить под одной крышей настоящая мука. Теперь они не только брат и сестра, но и одноклассники. Будучи новеньким в школе, парень быстро становится популярным у девчонок. И чем больше Мики пытается ненавидит Юу, тем отчётливее понимает, что влюбляется в сводного брата.",Marmalade Boy,1.2,https://doramalive.ru/dorama/marmeladnyy_paren_51183/,https://doramy.club/10848-marmeladnyj-malchik.html
263,Семь дней: пятница – воскресенье дорама (2015),"Драма, Мелодрама",09.04,Япония,2015,https://doramy.club/wp-content/uploads/2018/08/sem-dnej-pyatnica-voskresene.jpg,1 час 22 мин,"Нежный и волнующий фильм «Семь дней: пятница-воскресенье» не оставит зрителя равнодушным. Тонкое и душевное повествование о рождении любви между двумя молодыми людьми, где шаг за шагом постепенно герои обнажают свои сердца.
Казалось бы, любовь не знает границ, но те рамки, которое общество ставит с целью разграничить традиционное и нетрадиционное, отпугивает и создаёт впечатление неправильного и недозволенного. Но время, семь дней — это и проверка отношений, и время на счастье. Принятие друг друга, отличного от традиционного, преодоление внутренних барьеров и страхов, и наконец, обретение счастья — вот тот путь, который предстоит пройти молодым людям. Нерасторопность и осторожность создаются атмосферой долгих сцен тишины и чувственности.",Seven Days: Friday - Sunday,2.7,https://doramalive.ru/dorama/sem_dney_pyatnitsa_voskresene/,https://doramy.club/7843-sem-dnej-pyatnica-voskresene.html
264,Осенняя сказка дорама (2019),Мелодрама,08.04,Китай,2019,https://doramy.club/wp-content/uploads/2020/05/osennyaya-skazka.jpg,1 час 44 мин,"Как мало нужно, чтобы изменить чью-то судьбу, всего лишь случайно перепутать бирки от кроваток в роддоме и две жизни непоправимо изменятся. После аварии Эн Си узнает, что замечательная комфортная жизнь, любящие родители, а главное Цзюнь Си — брат, лучший друг и защитник, все это не принадлежит ей, а её — это мать держащая маленькую забегаловку, тяжелая работа и куча долгов. Девочки возвращаются на свои места и бывшая семья Эн Си уезжает в Америку, оставляя её один на один с суровой реальностью.
Через несколько лет Эн Си случайно встречает Цзюнь Си. Хотя он готов пойти на всё, чтобы заботиться о ней как раньше, но боль забытой и брошенной девочки не отпускает ее. Одновременно за Эн Си начинает ухаживать богатый и успешный Хан Тэ и девушке придется сделать выбор…",Lan Se Sheng Si Lian,1.2,,https://doramy.club/19853-osennyaya-skazka.html
265,Третий вид любви дорама (2015),Мелодрама,8.9,"Китай, Южная Корея",2015,https://doramy.club/wp-content/uploads/2020/03/tretij-vid-lyubvi.jpg,1 час 52 мин,"Линь Цичжэну — миллионер, красавец и начальник огромной корпорации. Конечно, он является объектом внимания многих девушек, но сам обычно холоден и не заинтересован в своих поклонницах. Сестре Цзоу Юй не повезло влюбится в своего начальника, ведь любовь, как и ожидалось, оказалось безответной. Тогда девушка пытается покончить с жизнью. Цзоу Юй уже не может смотреть на страдания своей сестры, поэтому идёт в компанию, разбираться с Линь Цичжэну. Как же могло так получиться, что герои влюбились друг в друга, ведь они разных социальных статусов, а Цзоу Юй ещё и чувствует вину перед сестрой.",Di san zhong ai qing,1.2,https://doramalive.ru/dorama/the_third_way_of_love/,https://doramy.club/17450-tretij-vid-lyubvi.html
266,Выход дорама (2019),"Боевик, Комедия",9.14,Южная Корея,2019,https://doramy.club/wp-content/uploads/2019/12/vyxod.jpg,1 час 42 мин,"Все началось в обычный вечер, когда миллионы людей были заняты своими повседневными делами. На одну из главных улиц города выехал грузовик с огромными баками, наполненными газом. Открыв заслонки, мужчина предрек множество людей на неминуемую гибель. Весь город вмиг окутал плотный, токсичный туман и каждый, кто его вдохнул, тут же умирал.
Главный герой, тридцатилетний неудачник Ён Нам в это время праздновал вместе с семьей день рождения своей матери. В этом же здании оказалась девушка по имени И Джу, когда-то отвергнувшая его. Дверь на крышу здания оказалось запертой, а туман поднимался все выше. Единственной надеждой для всех становится Ён Нам, который раньше занимался скалолазанием. На пороге смерти герой должен проявить себя, чтобы навсегда избавиться от звания неудачника.",Exit,1.2,https://doramalive.ru/dorama/exit/,https://doramy.club/15832-vyxod-2019.html
267,Король и шут дорама (2005),"Драма, Исторический",8.92,Южная Корея,2005,https://doramy.club/wp-content/uploads/2019/03/korol-i-shut.jpg,2 часа,"Южнокорейский фильм «Король и шут» расскажет историю давних времен династии Чосон, когда миром правили короли, а шуты и клоуны были дополнением веселой жизни королевской свиты.
Однажды два шута оказываются в заточении, так как их сатирическое представление с шуточным высмеиванием личности короля оскорбило самого короля. Наказание для клоунов назначается самое строгое – казнь. Однако судьба им дает шанс в виде условия – если клоуны смогут рассмешить короля, то смогут избежать худшего исхода. Сюжет фильма дополнен и необычными отношениями короля и шута Гон Киля, чья внешность становится предметом не только восхищения, но и зависти.",Wang-ui Namja,1.7,https://doramalive.ru/dorama/korol_i_shut/,https://doramy.club/11255-korol-i-shut.html